Email Id,Prefix,Name,Birth Date,Phone Number,Additional Email Id,Address,Zip Code,City,State,Country,Year,Time,Link,Text
Brooke.Holmes@testDomain.com,Mr.,Keith Parker,26-04-1994,(0114) 496 0173,palmertammy@example.net,"5435 Sara Throughway
New Michael, MA 22741",11958,Alexandermouth,North Carolina,Western Sahara,2020,19:00:09,http://ballard.com/,investment
Jaclyn.Cline@testDomain.com,Mr.,Dawn Smith,15-03-1988,+44(0)3069990661,uwilliams@example.net,"3736 Jennifer Valley Apt. 937
North Yvonnebury, WY 45196",85596,South Misty,Idaho,United States Minor Outlying Islands,1986,18:04:02,http://www.wilson.org/,several
Joyce.Black@testDomain.com,Misc.,Kelsey Jackson,22-03-1996,(029) 2018963,cynthiadoyle@example.org,"5772 Marcus Valley Apt. 025
West Richardtown, AL 05535",81391,Janefort,West Virginia,Sierra Leone,2014,10:28:35,http://www.morgan.info/,as
Jerry.Morse@testDomain.com,Mx.,David Brooks,22-01-1979,+44(0)118 496 0772,hopkinsalexander@example.net,"PSC 8970, Box 5403
APO AP 97476",95636,Lake Jeremy,Arizona,United States of America,1986,01:06:42,http://webster.com/,send
Jennifer.Diaz@testDomain.com,Dr.,Jimmy Mcclure,24-08-1980,(0808) 1570724,delgadoronald@example.com,"136 John Well
Cabrerafort, KY 64025",81043,North Annetteshire,Connecticut,Cape Verde,2009,13:03:23,https://johnston-lewis.org/,Republican
Ashley.Rodriguez@testDomain.com,Ms.,Ryan Jackson,04-12-1998,+44(0)1632960770,emily87@example.com,"86781 Briggs Walks Apt. 472
Nancyborough, SD 16019",35741,Millston,West Virginia,Djibouti,1984,00:13:38,http://www.gomez-gill.com/,many
Nicholas.Alvarez@testDomain.com,Ind.,Eugene Todd,17-09-1990,(0114) 4960979,amy88@example.net,"8757 Jeffery Isle
Schneiderchester, MI 21792",42470,South Stephanie,Idaho,Tanzania,1992,06:30:00,http://www.ramirez-long.com/,game
Justin.Owens@testDomain.com,Dr.,Kathleen Green MD,22-08-1996,(01632) 960028,qharris@example.com,"652 Moreno Avenue
Hendersonside, AZ 15121",35040,Websterton,North Carolina,Bolivia,2000,11:41:29,https://gonzalez.com/,hold
Anne.Caldwell@testDomain.com,Ms.,Phyllis Munoz,14-12-1979,01144960072,dscott@example.com,"9553 Todd Radial
Lake Robertshire, GA 60413",70024,East Josetown,New Hampshire,Mozambique,2006,20:20:12,http://www.fischer.org/,accept
Jamie.Brooks@testDomain.com,Dr.,Dana Hale,08-11-1979,028 9018085,joseph49@example.org,"603 Michaela Key Apt. 980
South Barbara, MO 79397",84603,Amandashire,Tennessee,Cook Islands,2000,18:40:49,http://sullivan.biz/,agreement
Mrs..Whitney@testDomain.com,Mr.,Katrina Rocha,04-12-1998,+44(0)1614960216,millerpeggy@example.net,"26030 Keith Curve Apt. 931
Riosfort, TX 83022",81942,Batesborough,Iowa,Norway,2018,12:05:47,http://green-aguilar.biz/,its
Willie.Collier@testDomain.com,Dr.,Jonathan Hudson,15-03-1974,+44(0)1614960773,mauricebrown@example.net,"USCGC Welch
FPO AP 17604",48617,Hawkinsview,Arkansas,Russian Federation,2002,11:55:21,http://www.abbott.com/,yeah
Alexandra.Bell@testDomain.com,Mx.,Susan Lewis,02-10-1984,+44(0)1164960433,rwallace@example.net,"7570 Bobby Street
New Candace, TN 44380",63126,Garciafort,South Carolina,Burkina Faso,2001,21:49:00,https://meyer.com/,air
Cassidy.Moore@testDomain.com,Mx.,Mary Graham,29-07-1991,+44(0)20 7496 0865,charlesthompson@example.net,"808 Gabriel Center
North Brendahaven, PA 42891",19372,Pattonville,Massachusetts,Korea,1991,13:46:55,http://stokes-taylor.com/,data
Daniel.Williams@testDomain.com,Mr.,Janice Smith,31-01-1973,+44(0)29 2018563,michaelsanchez@example.org,"PSC 1957, Box 2765
APO AA 11841",75920,South Anthonyfort,Iowa,Western Sahara,1988,10:54:05,https://www.baker.com/,close
Janet.Durham@testDomain.com,Dr.,Tracy Santos,19-04-1992,+44151 496 0242,rphillips@example.com,"3578 Clayton Drive
Lake James, MS 07528",31014,North Benjaminstad,Arkansas,Saint Barthelemy,1976,04:37:39,http://www.patrick.net/,movement
Amanda.Olson@testDomain.com,Ms.,Dean Ross,01-05-1971,+44(0)20 74960088,andrewbass@example.org,"4204 Thomas Expressway
New Patrickview, NY 99375",62334,Irwinshire,Oklahoma,Estonia,1992,03:39:41,http://www.zimmerman.com/,field
Robin.Patrick@testDomain.com,Dr.,Robin Cooper,07-09-1983,+44(0)141 496 0232,zmorrow@example.com,"123 Gabriel Shoal Apt. 923
Cuevasburgh, NC 02875",44335,New Jermaine,Vermont,Equatorial Guinea,1988,02:37:10,https://pugh-brandt.net/,mother
Toni.Lee@testDomain.com,Mrs.,Jeffrey Martin,08-08-1988,(0131) 496 0574,baxtertammy@example.com,"81662 Campbell Village Apt. 552
New Jessica, HI 52878",14609,North Rebecca,Oregon,Faroe Islands,2004,23:52:12,https://www.joyce.com/,administration
Gabrielle.Schaefer@testDomain.com,Mrs.,James Williams,28-09-1975,+44289018337,smithnatalie@example.net,"9673 Gray Mountain Apt. 858
North Tony, MA 25584",43831,Prestonmouth,Texas,Liberia,1972,22:53:13,http://www.patterson.com/,health
Marc.Hall@testDomain.com,Misc.,Karen Harper,21-12-1984,01184960378,christopher65@example.org,"5007 Jason Cape Apt. 808
Lisaburgh, HI 90557",96045,Darinbury,Ohio,Seychelles,1979,04:25:43,http://www.miller.com/,song
Brandon.Wright@testDomain.com,Mr.,Herbert Wilson,17-05-1987,+44116 4960238,lisaarellano@example.com,"295 Davenport Vista
Karenview, IL 62301",06236,Morrisonbury,Pennsylvania,Netherlands,2002,22:16:33,https://pierce.com/,dream
Gerald.Brooks@testDomain.com,Miss,Amanda Bryan,09-03-1971,+44(0)1414960350,nbenson@example.com,"7829 Nichole Rest
Lopezburgh, TN 18778",12987,West Lisaland,Wisconsin,Slovakia (Slovak Republic),2008,08:44:13,http://gibson.com/,town
Jason.Park@testDomain.com,Dr.,Rebecca Flowers,22-02-1992,0114 4960220,mgarcia@example.org,"22480 Matthew Via
Hodgesside, CA 44508",84523,New Robert,Iowa,Uganda,1991,20:46:55,https://www.evans-henderson.org/,chair
Sarah.Camacho@testDomain.com,Ind.,Lisa Evans,08-08-1977,+44306 999 0670,marycampbell@example.net,"22240 Rodriguez Ville Suite 537
Gonzalezfurt, IN 29128",35075,East Dorothytown,Delaware,Bangladesh,2005,16:28:37,https://www.cervantes.com/,education
Angel.Curtis@testDomain.com,Misc.,Chase Jones,24-11-1982,0117 4960397,baileythomas@example.net,"88904 Johnson Summit
New Susan, KS 53013",36335,Wrightfurt,Washington,Philippines,1997,06:01:26,https://www.garcia.net/,firm
Roberto.Baker@testDomain.com,Dr.,Calvin Ferguson,19-07-1985,+44(0)113 4960629,derekdouglas@example.com,"1976 Gilbert Parks
Lake Katelynstad, HI 59627",35703,Terrimouth,Nebraska,Greenland,1972,14:23:29,https://clark-perkins.com/,decision
Noah.Barnes@testDomain.com,Dr.,Joseph Schultz,14-02-1980,0121 4960387,amanda32@example.com,"07710 Joshua Stravenue
North Tiffanymouth, DE 83836",72493,Ronaldfort,Missouri,Ethiopia,2000,22:43:30,http://robinson.net/,chair
Timothy.Adams@testDomain.com,Ms.,Angela Anderson,17-10-1978,+44(0)1614960301,amber86@example.net,"279 Harris Ridges
Lambport, VT 78072",51603,Juliefort,Michigan,Mauritius,1993,02:34:45,https://moreno.com/,particular
Luis.Garcia@testDomain.com,Miss,Abigail Scott,03-12-1995,+441154960848,aaron48@example.org,"769 Michael Lane Suite 161
Donaldton, HI 66985",49605,Lisafort,Kentucky,Korea,1989,23:13:06,https://www.wiley.com/,tonight
Brandon.Myers@testDomain.com,Mr.,Derrick Hancock,03-04-1991,(029)2018344,josecook@example.org,"3773 Andrew Stream
Michelleton, AZ 18330",48689,Barnesstad,Montana,Djibouti,1986,08:40:46,https://bruce.info/,radio
Amanda.Pennington@testDomain.com,Miss,Bryan Pearson,03-01-1973,01134960900,jennifercherry@example.com,"9891 Molina Avenue
North Kimberg, OK 30517",96645,Santiagoville,California,Ghana,1989,06:06:32,https://www.hughes-davis.com/,yet
Bradley.Turner@testDomain.com,Mrs.,Adam Fry,11-03-1989,+44121 496 0911,kpeterson@example.net,"61398 Cindy Court
Sallyfurt, IN 11116",23153,Davidfurt,Connecticut,Nigeria,2013,17:29:15,http://lam.com/,well
Jared.Shepherd@testDomain.com,Mrs.,Alison Hansen,23-11-1978,0114 496 0989,edwardsapril@example.com,"587 Francis Lodge Suite 141
South Amy, IA 36607",05835,Richardsonton,Oklahoma,Holy See (Vatican City State),1986,20:40:21,http://www.campbell-johnson.info/,eat
Katherine.Krause@testDomain.com,Ms.,Steven Mckinney,25-09-1980,+44909 879 0865,jonathan43@example.net,"5040 April Fields Apt. 118
Perezfort, OK 47197",60625,New Ericland,Nebraska,Mayotte,2006,01:35:23,http://www.ramirez.org/,order
Douglas.Gibbs@testDomain.com,Miss,Michael Brown,10-06-1971,+44(0)1314960149,ashley50@example.net,"PSC 8732, Box 1566
APO AA 66766",17141,Thomasport,Nevada,Kazakhstan,1973,03:18:15,http://collins-benitez.com/,Congress
Melissa.May@testDomain.com,Ind.,Dylan Alexander,31-08-1975,+44151 4960000,frankdale@example.org,"45272 Annette Village
North Melissaside, NH 55466",22283,East Mistyshire,Alaska,Japan,2017,14:24:30,http://hall-hill.com/,ever
Jason.Miller@testDomain.com,Dr.,Natalie Glenn,23-09-1980,(0121) 4960788,jeffreyschneider@example.net,"21579 Richardson Courts Apt. 015
Dorothybury, OR 86678",20395,Williamport,Indiana,Hungary,1989,14:13:07,https://moore-roth.info/,north
Anthony.Douglas@testDomain.com,Ms.,Donna Wright,04-10-1988,+441164960044,paula62@example.org,"97326 Rivas Plain Apt. 761
South Kelly, VT 07890",14758,Lake Kathleen,Florida,Georgia,2016,11:23:21,https://gardner.biz/,picture
Billy.Barnes@testDomain.com,Dr.,Kevin Rodriguez,19-07-1973,+44(0)151 496 0290,richard25@example.com,"80251 Karen Forges Apt. 956
Stanleymouth, SC 41878",55997,Michellefurt,Montana,Holy See (Vatican City State),1999,01:07:28,https://www.prince.info/,administration
Devon.Woods@testDomain.com,Dr.,Bruce Mcdonald,08-02-1988,+44(0)1144960109,melissamahoney@example.org,"53017 Theresa Park
Spencerchester, MT 05148",98400,Ambermouth,Idaho,Lithuania,1998,21:34:56,https://mccall.info/,argue
Jenna.Hayes@testDomain.com,Dr.,Mr. Howard Watson,24-05-1978,(0116)4960433,edward40@example.com,"533 Foster Trafficway
West Charlestown, KS 84121",83284,South Alejandra,Alabama,Ukraine,2005,15:51:38,http://cobb-pierce.com/,would
Heidi.Alvarado@testDomain.com,Mr.,Gary Thomas,22-11-1978,+44(0)8081570710,millerryan@example.org,"6297 Amy Tunnel
New Jorge, NJ 29097",50617,West Joshua,Wyoming,Tonga,1981,13:11:14,http://www.ford.com/,total
Jessica.Smith@testDomain.com,Dr.,Rebecca Perez,15-03-1989,+441632 960 834,brian62@example.com,"307 Austin Keys Suite 310
Port Timothybury, KS 69519",59138,Johnborough,New Jersey,Guinea-Bissau,1981,14:19:03,https://morgan.com/,century
Elizabeth.Allen@testDomain.com,Dr.,Anthony Lewis,02-04-1975,+44(0)808 157 0220,yangmary@example.net,"38146 Moore Station Suite 317
Smithberg, PA 45319",91291,Rachelville,Massachusetts,Egypt,2003,03:21:55,http://ochoa.info/,likely
Renee.Burns@testDomain.com,Misc.,Kyle Edwards,30-09-1990,+4428 9018 0673,ibowen@example.net,"Unit 9225 Box 6098
DPO AA 67575",52071,Jeremychester,Arizona,Belarus,1970,20:41:42,http://richardson.com/,manage
Michael.Webb@testDomain.com,Miss,Sarah Fleming,27-03-1990,03069990904,marie34@example.net,"0498 Scott Meadow
New Ian, ND 21991",53272,North Olivia,Virginia,New Zealand,1970,10:53:48,https://www.swanson-davila.net/,past
Patrick.Johnson@testDomain.com,Dr.,Anthony Alvarez,18-08-1974,+44115 4960099,andersonmaria@example.com,"7715 Ashley Lodge
Port Danielleview, MA 54913",42967,Carrollfort,Delaware,Reunion,1974,04:52:40,http://www.nelson.com/,campaign
John.Campbell@testDomain.com,Misc.,Rebecca Abbott,21-07-1995,(0161) 496 0939,connieshea@example.org,"12770 Thomas Motorway
North Kara, ID 67866",73885,Anthonybury,Montana,Israel,1981,15:44:47,http://www.jones.org/,believe
Juan.Moore@testDomain.com,Miss,John Daniels,25-03-1981,028 9018778,morrismichael@example.org,"USNS Soto
FPO AA 28701",29284,South Katherine,Massachusetts,Yemen,1994,03:06:08,https://daniels.com/,talk
Monica.Harris@testDomain.com,Ms.,Megan Boyd,01-07-1996,0141 496 0451,shawnhubbard@example.org,"423 Blair Track Suite 421
East Ricardoberg, TX 61435",64997,Pearsonstad,New Mexico,Bermuda,2002,21:36:00,http://johnson.biz/,bank
Mia.Boyd@testDomain.com,Mrs.,Thomas Marshall,11-02-1988,+44306 999 0283,simontyler@example.net,"2878 Erin Flats Apt. 822
East Michaelmouth, AL 67647",96742,Denisechester,New Mexico,Niger,1995,23:36:37,https://www.barry.com/,fund
Megan.Cunningham@testDomain.com,Dr.,Bruce Anderson,21-12-1984,+44118 4960886,garrisonkyle@example.net,"19961 Torres Stream Apt. 648
Hannahshire, IA 79062",74453,Wilsonhaven,Virginia,Tokelau,1970,12:44:37,http://scott.org/,after
Wanda.Bishop@testDomain.com,Dr.,Emily Watson,15-12-1994,(028)9018267,isabel43@example.net,"1265 Weaver Road Apt. 349
Barnesshire, ID 06473",79056,New Ashleychester,Alabama,Turks and Caicos Islands,1986,02:52:06,https://www.johnson.com/,explain
Anthony.Clark@testDomain.com,Dr.,Amanda Mejia,10-08-1998,(0161) 496 0861,knightsydney@example.net,"918 Hess Station Suite 726
Richardville, AK 84436",33678,Wattsside,North Dakota,Saudi Arabia,2014,18:22:00,https://pierce.com/,be
Taylor.Morrison@testDomain.com,Misc.,John Thompson,18-11-1979,+44131 4960026,tammy04@example.net,"78216 Julia Burg Suite 534
New Christopher, WI 52283",04097,Conwayside,Maryland,Holy See (Vatican City State),1978,14:00:05,http://allen.info/,group
Cody.Ortiz@testDomain.com,Misc.,Maria Montes,19-01-1981,+44161 4960358,brandongarcia@example.org,"96210 Anderson Plains
Port Christinaberg, KY 75793",34831,Lopezburgh,New Mexico,Heard Island and McDonald Islands,2002,02:39:28,http://wilson-bryant.com/,understand
Mitchell.Harvey@testDomain.com,Misc.,Rachel Brown,09-06-1973,(01632)960996,swansonstephanie@example.com,"78806 Stanley Fields
Ashleyland, KY 54694",34884,Port Richard,Iowa,Peru,1992,16:26:30,https://www.arnold.com/,able
Jessica.Hale@testDomain.com,Dr.,Isaiah Tran,22-06-1990,(0191)4960866,jeffrey97@example.org,"64473 Sanchez Cliffs Suite 894
South Sabrina, AK 93436",03474,Katieberg,South Dakota,Belgium,1979,22:21:45,https://morgan.com/,clear
Lynn.Bell@testDomain.com,Dr.,Daniel Bean,15-03-1970,0191 498 0010,okirby@example.org,"Unit 0634 Box 7378
DPO AP 20648",73490,South Jefferyborough,South Carolina,Niue,2016,22:58:46,https://sanders.info/,movie
Kelly.Bartlett@testDomain.com,Ms.,Steven Stephens,05-08-1990,+44(0)20 7496 0561,ktucker@example.net,"PSC 9710, Box 8069
APO AA 52284",34563,Norrisside,Kansas,Fiji,1994,15:45:53,https://www.david.com/,reality
Brenda.Pittman@testDomain.com,Miss,Tyler Rivera,09-10-1979,+441144960949,kelly14@example.com,"1505 Kimberly Island Suite 481
New Katherineburgh, TN 26679",45723,West Carolmouth,Wisconsin,French Polynesia,1986,02:07:43,http://www.johnson-mora.org/,loss
Lauren.Flores@testDomain.com,Miss,Clayton Castillo,26-09-1974,+44191 4960654,evanhill@example.com,"687 Freeman Forge
Port Beth, OR 72642",64894,West Dennisburgh,Delaware,Nepal,2001,15:22:36,http://johnson-johnson.com/,fire
Jordan.Spencer@testDomain.com,Misc.,Dawn Arnold,12-10-1971,01174960994,amandaperry@example.org,"USCGC Diaz
FPO AE 14997",59381,Thomashaven,Connecticut,Tanzania,2008,20:42:13,http://wilson.com/,million
Jose.Tran@testDomain.com,Miss,Gilbert Butler,11-03-1998,(01632) 960031,whitefrederick@example.org,"703 Vazquez Cliff Apt. 499
North Brittanyville, MN 89977",94817,Port Davidmouth,Missouri,Aruba,1974,13:56:44,http://ward-scott.net/,others
Christina.Carroll@testDomain.com,Miss,Diane Wiggins,21-12-1990,0117 496 0878,treeves@example.com,"PSC 0292, Box 6260
APO AE 15399",04828,Brettchester,Hawaii,Vietnam,1983,02:34:47,http://kim.org/,class
Christopher.Moore@testDomain.com,Dr.,Eric Combs,25-10-1988,+441632 960 486,randall24@example.net,"3713 Oconnor Plains
West Craig, AK 80982",01749,Fowlerton,Texas,Russian Federation,2003,00:27:03,http://hall.biz/,its
Suzanne.Young@testDomain.com,Miss,Bradley Walker,06-06-1989,0191 498 0192,vwang@example.com,"8426 Joshua Alley
North Patrickburgh, CO 08637",31019,Port Tyler,Nebraska,Afghanistan,2010,00:28:13,https://www.sullivan-west.com/,national
Julie.Erickson@testDomain.com,Mx.,Kevin Fischer,23-05-1976,(01632) 960374,jesse80@example.net,"7929 Jane Rapids Suite 792
Cowanborough, CT 52303",48676,Murraychester,Oklahoma,Tonga,1985,06:24:22,http://www.jimenez.com/,series
Samuel.Monroe@testDomain.com,Dr.,Melissa Cortez,23-02-1996,(01632) 960 195,jamie69@example.net,"29835 Alan Pike
East Kellyborough, WA 31822",38495,New Amanda,New York,Algeria,2014,20:20:32,https://www.vincent.com/,back
Sandy.Gray@testDomain.com,Miss,Carol Benson,03-10-1996,(0131)4960517,mpage@example.org,"560 Brandon Hollow
Arnoldport, WY 78312",80465,Port Gregory,Minnesota,Martinique,1974,05:21:40,http://patel-ross.com/,operation
Laura.Edwards@testDomain.com,Mrs.,Abigail Clark,19-04-1991,0113 4960429,miguel86@example.net,"Unit 7227 Box 2049
DPO AP 37871",43748,New Jamestown,Mississippi,Cambodia,1972,01:22:44,http://martinez.biz/,appear
Robert.Ross@testDomain.com,Dr.,April Curtis,03-10-1993,+44(0)121 496 0066,shane33@example.org,"05978 Malik Mission
Ashleymouth, DE 94798",38548,Figueroaside,Washington,Holy See (Vatican City State),1994,18:31:43,http://www.shaffer-walker.info/,impact
Katherine.Richardson@testDomain.com,Dr.,Laura Owens,06-06-1991,(0116) 4960496,kimberlymorgan@example.net,"461 Boone Fort
Jacobport, MD 56803",33379,East Andrew,California,Djibouti,1979,11:54:03,https://www.norris.com/,soldier
Carrie.Freeman@testDomain.com,Ms.,Christopher Donovan,27-04-1992,028 9018629,bhoffman@example.com,"650 Forbes Island Apt. 926
North Jennifer, VT 73941",03550,East Jeffrey,Minnesota,Saint Vincent and the Grenadines,1974,11:22:41,https://young-miller.com/,morning
Deborah.Wells@testDomain.com,Miss,Maureen Grant DDS,05-05-1984,01214960768,heidi20@example.org,"650 Melissa Throughway Apt. 934
Lake Danielle, PA 71113",70029,Port Patrickmouth,Maine,Latvia,1991,10:07:24,http://www.price-jensen.com/,meeting
Crystal.Meza@testDomain.com,Miss,Sarah Allen,25-11-1970,+44161 4960473,omitchell@example.com,"Unit 6101 Box 2078
DPO AA 33301",93977,Susanfort,West Virginia,Cambodia,1972,07:15:20,https://english-cochran.biz/,resource
Ernest.Watson@testDomain.com,Mx.,Jill Rivera,23-07-1996,01174960130,wendy67@example.net,"84779 Kaiser Lock Suite 494
Lake Dylan, TN 16987",82989,North Suzannefort,Kentucky,Lao People's Democratic Republic,1984,10:45:35,https://davis.info/,if
Taylor.Young@testDomain.com,Miss,Brittany Taylor,25-07-1972,+44(0)191 4960931,oconnorjacob@example.net,"4582 Paul Key Apt. 447
West Jennifer, WA 22893",46438,Lake Stephaniefort,Massachusetts,Norway,1988,01:45:30,https://www.santana.com/,writer
Kayla.Blanchard@testDomain.com,Mx.,Shawn Schwartz,24-03-1987,+44(0)116 496 0846,robinsoncorey@example.org,"3983 Angela Wall Apt. 347
Yatesside, TX 30306",08893,East Margaret,West Virginia,Northern Mariana Islands,1981,00:07:19,https://becker.com/,call
Tricia.Thompson@testDomain.com,Ind.,Courtney Hansen,15-04-1998,+44(0)29 2018 0209,dbrown@example.org,"645 Evan Island Suite 657
Lake Monicachester, TX 99845",55913,Pamelachester,Illinois,Samoa,1986,01:31:31,https://nixon.com/,side
Anthony.Townsend@testDomain.com,Mx.,Tim Acosta,27-10-1982,(0115) 496 0899,justinpruitt@example.com,"265 Kenneth Vista Suite 396
Lake Brianfort, TN 38428",10132,Katherinetown,Utah,Saint Barthelemy,2020,08:29:26,https://chen-murray.com/,clearly
Elizabeth.Chapman@testDomain.com,Dr.,Melissa Jackson,05-11-1998,(0121) 4960639,angela10@example.org,"20171 Charles Square
Barrettbury, LA 35789",82674,Maryhaven,Wisconsin,Tanzania,2014,08:41:41,https://moyer.org/,state
Charles.Cooley@testDomain.com,Miss,Crystal Graham,29-01-1979,+441214960942,branchshane@example.org,"3359 Randy Glens Suite 383
Pinedafurt, DE 88308",17906,Port Yolandahaven,Alabama,Marshall Islands,1997,15:05:05,http://gibson-malone.com/,wide
Michael.Stewart@testDomain.com,Dr.,Jeff Bailey,24-09-1991,+44(0)117 496 0629,thomas82@example.net,"87119 Carr Island
North Georgefort, LA 15742",27758,Kaylaborough,Missouri,Reunion,1994,22:14:48,http://smith-mitchell.biz/,fund
Adam.Cooley@testDomain.com,Mr.,Jeremy Perez,06-09-1994,0191 498 0124,muellerjennifer@example.org,"PSC 4733, Box 5065
APO AP 22703",82608,Port Jackson,Kansas,Taiwan,2007,06:15:18,http://www.byrd-moreno.com/,hospital
Antonio.Murphy@testDomain.com,Dr.,Todd Cline,11-12-1975,+44(0)29 2018838,stephaniegarcia@example.com,"80028 Dwayne Corner
Zimmermanburgh, ND 46577",10613,East Tiffanyborough,Florida,San Marino,2021,17:07:09,http://www.richard.net/,animal
Savannah.Hayes@testDomain.com,Dr.,Michael Norman,07-03-1979,(0131) 496 0464,adamschroeder@example.com,"7562 Collins Mill
Allenview, IN 84634",88402,Chelseaborough,Texas,Guatemala,1997,01:13:54,https://www.johnson.com/,there
Edward.Fitzgerald@testDomain.com,Miss,Danielle Bailey,11-08-1983,+44(0)8081570535,pscott@example.net,"6245 Christina Courts
Williamsmouth, TX 55697",15940,Sethburgh,Massachusetts,Mali,1983,11:02:36,https://brennan-kelly.com/,community
Joyce.Miller@testDomain.com,Misc.,Andrew Thompson,25-07-1972,+44(0)114 4960135,kelleyalexandra@example.org,"4299 Sharon Expressway
West Sarahstad, NC 30776",07915,Harrisonmouth,Wyoming,New Zealand,2015,07:57:41,https://sharp.biz/,trouble
Elizabeth.Lee@testDomain.com,Dr.,Timothy Mason,29-12-1979,0113 4960289,bridget30@example.com,"PSC 6426, Box 4988
APO AA 71673",30774,Masseychester,Michigan,Poland,1984,05:03:56,http://www.nicholson.net/,far
Alexander.Miller@testDomain.com,Ms.,Cathy Jackson,04-05-1984,0113 4960480,penny53@example.org,"4155 Clark Green
North Michele, MA 18031",73544,Nixonton,Michigan,Burkina Faso,1977,11:55:40,https://watson.com/,tend
Brandi.Jackson@testDomain.com,Miss,Hannah Crawford,23-09-1973,(0306)9990384,hartmanandrew@example.org,"8313 Poole Canyon
West Jeffrey, NV 38029",98577,Marcusburgh,Alabama,Sao Tome and Principe,1976,13:21:25,https://www.osborne.com/,bar
Robin.Harris@testDomain.com,Mrs.,Michael Martinez,11-12-1970,(0121) 4960614,gdavis@example.net,"882 George Ports Suite 609
Leachhaven, CA 76581",57811,Ryanland,Vermont,Georgia,2019,13:40:44,https://sims.org/,international
Nathaniel.Rivera@testDomain.com,Mrs.,Aaron Duncan,03-01-1982,(0191) 4960014,vanessa70@example.net,"33008 Mikayla Oval
North Robert, WI 57987",32988,New Christinemouth,Minnesota,Iran,1997,11:32:58,https://www.glass.com/,push
Jacob.Smith@testDomain.com,Mr.,Alexis Franco,06-10-1979,(0118)4960006,jason25@example.org,"9436 Benjamin Harbor
New Suzannetown, UT 68467",85273,Devonfort,North Carolina,Macedonia,1982,00:23:54,http://hudson.org/,factor
Natasha.Park@testDomain.com,Miss,Brandy Rivers,09-04-1974,+44(0)28 9018085,robertthompson@example.com,"2378 Ferguson Walks
Georgefort, AZ 03256",79547,Port Joseph,Connecticut,Saint Barthelemy,2020,01:48:34,https://avila-chaney.com/,maybe
Erica.Anderson@testDomain.com,Ind.,Thomas Sanchez,25-10-1986,+44131 496 0829,igreen@example.net,"6851 Becker Flat
Margaretmouth, NE 71690",58114,Lake Melanie,North Carolina,Aruba,2002,10:56:16,https://lawson.net/,finish
Rhonda.Davis@testDomain.com,Miss,Austin Thompson,01-08-1983,0151 4960016,amandafoster@example.com,"568 Sherry Forge Suite 693
Port Rodney, AL 95873",95978,Anthonyview,New York,Faroe Islands,1991,18:48:31,https://gonzalez-roberts.info/,television
Michael.Lewis@testDomain.com,Mx.,Melissa Newman,15-04-1981,+443069990547,lindseygomez@example.org,"5124 Sullivan Trace
Lake Richardfurt, KS 89682",37389,West Alejandromouth,Pennsylvania,Italy,2009,18:07:10,https://wood.info/,paper
